App,ProductionFileName,TestFilePath,TestFileName,RelativeProductionFilePath,RelativeTestFilePath,ProductionFilePath,Assertion Roulette,Conditional Test Logic,Constructor Initialization,Default Test,EmptyTest,Exception Catching Throwing,General Fixture,Mystery Guest,Print Statement,Redundant Assertion,Sensitive Equality,Verbose Test,Sleepy Test,Eager Test,Lazy Test,Duplicate Assert,Unknown Test,IgnoredTest,Resource Optimism,Magic Number Test,Dependent Test
DirEntry,DirEntry.java,C:/Users/maxim/OneDrive/Escritorio/Code/AuxTestRepo/arquivos/G01/101_netweaver/evosuite-tests/com/sap/managementconsole/soap/axis/sapcontrol\DirEntry_ESTest.java,DirEntry_ESTest.java,java,ESTest.java,C:/Users/maxim/OneDrive/Escritorio/Code/AuxTestRepo/arquivos/G01/101_netweaver/evosuite-tests/com/sap/managementconsole/soap/axis/sapcontrol\DirEntry.java,true,false,false,false,false,true,false,false,false,false,false,false,false,true,true,false,false,false,false,false,false
HtmlViewerPanel,HtmlViewerPanel.java,C:/Users/maxim/OneDrive/Escritorio/Code/AuxTestRepo/arquivos/G01/102_squirrel-sql/evosuite-tests/net/sourceforge/squirrel_sql/client/gui\HtmlViewerPanel_ESTest.java,HtmlViewerPanel_ESTest.java,java,ESTest.java,C:/Users/maxim/OneDrive/Escritorio/Code/AuxTestRepo/arquivos/G01/102_squirrel-sql/evosuite-tests/net/sourceforge/squirrel_sql/client/gui\HtmlViewerPanel.java,false,false,false,false,false,true,false,false,false,false,false,false,false,true,true,false,false,false,false,false,false
DriverInternalFrame,DriverInternalFrame.java,C:/Users/maxim/OneDrive/Escritorio/Code/AuxTestRepo/arquivos/G01/102_squirrel-sql/evosuite-tests/net/sourceforge/squirrel_sql/client/gui/db\DriverInternalFrame_ESTest.java,DriverInternalFrame_ESTest.java,java,ESTest.java,C:/Users/maxim/OneDrive/Escritorio/Code/AuxTestRepo/arquivos/G01/102_squirrel-sql/evosuite-tests/net/sourceforge/squirrel_sql/client/gui/db\DriverInternalFrame.java,true,false,false,false,false,true,false,false,false,false,false,false,false,false,false,false,false,false,false,true,false
ToggleTreeViewAction,ToggleTreeViewAction.java,C:/Users/maxim/OneDrive/Escritorio/Code/AuxTestRepo/arquivos/G01/102_squirrel-sql/evosuite-tests/net/sourceforge/squirrel_sql/client/mainframe/action\ToggleTreeViewAction_ESTest.java,ToggleTreeViewAction_ESTest.java,java,ESTest.java,C:/Users/maxim/OneDrive/Escritorio/Code/AuxTestRepo/arquivos/G01/102_squirrel-sql/evosuite-tests/net/sourceforge/squirrel_sql/client/mainframe/action\ToggleTreeViewAction.java,false,false,false,false,false,true,false,false,false,false,false,false,false,false,false,false,false,false,false,false,false
ObjectTreeCellRenderer,ObjectTreeCellRenderer.java,C:/Users/maxim/OneDrive/Escritorio/Code/AuxTestRepo/arquivos/G01/102_squirrel-sql/evosuite-tests/net/sourceforge/squirrel_sql/client/session/mainpanel/objecttree\ObjectTreeCellRenderer_ESTest.java,ObjectTreeCellRenderer_ESTest.java,java,ESTest.java,C:/Users/maxim/OneDrive/Escritorio/Code/AuxTestRepo/arquivos/G01/102_squirrel-sql/evosuite-tests/net/sourceforge/squirrel_sql/client/session/mainpanel/objecttree\ObjectTreeCellRenderer.java,false,false,false,false,false,true,false,false,false,false,false,false,false,false,false,false,false,false,false,false,false
Parser,Parser.java,C:/Users/maxim/OneDrive/Escritorio/Code/AuxTestRepo/arquivos/G01/102_squirrel-sql/evosuite-tests/net/sourceforge/squirrel_sql/client/session/parser/kernel\Parser_ESTest.java,Parser_ESTest.java,java,ESTest.java,C:/Users/maxim/OneDrive/Escritorio/Code/AuxTestRepo/arquivos/G01/102_squirrel-sql/evosuite-tests/net/sourceforge/squirrel_sql/client/session/parser/kernel\Parser.java,true,false,false,false,false,true,false,false,false,false,false,false,false,true,true,false,false,false,false,true,false
PreLaunchHelperImpl,PreLaunchHelperImpl.java,C:/Users/maxim/OneDrive/Escritorio/Code/AuxTestRepo/arquivos/G01/102_squirrel-sql/evosuite-tests/net/sourceforge/squirrel_sql/client/update/gui/installer\PreLaunchHelperImpl_ESTest.java,PreLaunchHelperImpl_ESTest.java,java,ESTest.java,C:/Users/maxim/OneDrive/Escritorio/Code/AuxTestRepo/arquivos/G01/102_squirrel-sql/evosuite-tests/net/sourceforge/squirrel_sql/client/update/gui/installer\PreLaunchHelperImpl.java,false,false,false,false,false,true,false,false,false,false,false,false,false,true,true,false,false,false,false,false,false
PhotoController,PhotoController.java,C:/Users/maxim/OneDrive/Escritorio/Code/AuxTestRepo/arquivos/G01/103_sweethome3d/evosuite-tests/com/eteks/sweethome3d/viewcontroller\PhotoController_ESTest.java,PhotoController_ESTest.java,java,ESTest.java,C:/Users/maxim/OneDrive/Escritorio/Code/AuxTestRepo/arquivos/G01/103_sweethome3d/evosuite-tests/com/eteks/sweethome3d/viewcontroller\PhotoController.java,true,false,false,false,false,true,false,false,false,false,false,false,false,true,true,false,false,false,false,true,false
RoomController,RoomController.java,C:/Users/maxim/OneDrive/Escritorio/Code/AuxTestRepo/arquivos/G01/103_sweethome3d/evosuite-tests/com/eteks/sweethome3d/viewcontroller\RoomController_ESTest.java,RoomController_ESTest.java,java,ESTest.java,C:/Users/maxim/OneDrive/Escritorio/Code/AuxTestRepo/arquivos/G01/103_sweethome3d/evosuite-tests/com/eteks/sweethome3d/viewcontroller\RoomController.java,false,false,false,false,false,true,false,false,false,false,false,false,false,false,false,false,false,false,false,false,false
DHTRouterNodeImpl,DHTRouterNodeImpl.java,C:/Users/maxim/OneDrive/Escritorio/Code/AuxTestRepo/arquivos/G01/104_vuze/evosuite-tests/com/aelitis/azureus/core/dht/router/impl\DHTRouterNodeImpl_ESTest.java,DHTRouterNodeImpl_ESTest.java,java,ESTest.java,C:/Users/maxim/OneDrive/Escritorio/Code/AuxTestRepo/arquivos/G01/104_vuze/evosuite-tests/com/aelitis/azureus/core/dht/router/impl\DHTRouterNodeImpl.java,true,false,false,false,false,true,false,false,false,false,false,false,false,true,true,false,false,false,false,true,false
AZOtherInstanceImpl,AZOtherInstanceImpl.java,C:/Users/maxim/OneDrive/Escritorio/Code/AuxTestRepo/arquivos/G01/104_vuze/evosuite-tests/com/aelitis/azureus/core/instancemanager/impl\AZOtherInstanceImpl_ESTest.java,AZOtherInstanceImpl_ESTest.java,java,ESTest.java,C:/Users/maxim/OneDrive/Escritorio/Code/AuxTestRepo/arquivos/G01/104_vuze/evosuite-tests/com/aelitis/azureus/core/instancemanager/impl\AZOtherInstanceImpl.java,true,false,false,false,false,true,false,false,false,false,false,false,false,true,true,false,false,false,false,true,false
ExternalLoginWindow,ExternalLoginWindow.java,C:/Users/maxim/OneDrive/Escritorio/Code/AuxTestRepo/arquivos/G01/104_vuze/evosuite-tests/com/aelitis/azureus/core/metasearch/impl\ExternalLoginWindow_ESTest.java,ExternalLoginWindow_ESTest.java,java,ESTest.java,C:/Users/maxim/OneDrive/Escritorio/Code/AuxTestRepo/arquivos/G01/104_vuze/evosuite-tests/com/aelitis/azureus/core/metasearch/impl\ExternalLoginWindow.java,false,false,false,false,false,true,false,false,false,false,false,false,false,false,false,false,false,false,false,false,false
NATTraverser,NATTraverser.java,C:/Users/maxim/OneDrive/Escritorio/Code/AuxTestRepo/arquivos/G01/104_vuze/evosuite-tests/com/aelitis/azureus/core/nat\NATTraverser_ESTest.java,NATTraverser_ESTest.java,java,ESTest.java,C:/Users/maxim/OneDrive/Escritorio/Code/AuxTestRepo/arquivos/G01/104_vuze/evosuite-tests/com/aelitis/azureus/core/nat\NATTraverser.java,false,false,false,false,false,true,false,false,false,false,false,false,false,false,true,false,false,false,false,false,false
AZMessageDecoder,AZMessageDecoder.java,C:/Users/maxim/OneDrive/Escritorio/Code/AuxTestRepo/arquivos/G01/104_vuze/evosuite-tests/com/aelitis/azureus/core/peermanager/messaging/azureus\AZMessageDecoder_ESTest.java,AZMessageDecoder_ESTest.java,java,ESTest.java,C:/Users/maxim/OneDrive/Escritorio/Code/AuxTestRepo/arquivos/G01/104_vuze/evosuite-tests/com/aelitis/azureus/core/peermanager/messaging/azureus\AZMessageDecoder.java,true,false,false,false,false,true,false,false,false,false,false,false,false,true,true,false,false,false,false,true,false
CertificationRequestInfo,CertificationRequestInfo.java,C:/Users/maxim/OneDrive/Escritorio/Code/AuxTestRepo/arquivos/G01/104_vuze/evosuite-tests/org/bouncycastle/asn1/pkcs\CertificationRequestInfo_ESTest.java,CertificationRequestInfo_ESTest.java,java,ESTest.java,C:/Users/maxim/OneDrive/Escritorio/Code/AuxTestRepo/arquivos/G01/104_vuze/evosuite-tests/org/bouncycastle/asn1/pkcs\CertificationRequestInfo.java,false,false,false,false,false,true,false,false,false,false,false,false,false,true,true,false,false,false,false,true,false
ElGamalKeyParameters,ElGamalKeyParameters.java,C:/Users/maxim/OneDrive/Escritorio/Code/AuxTestRepo/arquivos/G01/104_vuze/evosuite-tests/org/bouncycastle/crypto/params\ElGamalKeyParameters_ESTest.java,ElGamalKeyParameters_ESTest.java,java,ESTest.java,C:/Users/maxim/OneDrive/Escritorio/Code/AuxTestRepo/arquivos/G01/104_vuze/evosuite-tests/org/bouncycastle/crypto/params\ElGamalKeyParameters.java,false,false,false,false,false,true,false,false,false,false,false,false,false,false,true,false,false,false,false,false,false
ClientIDManagerImpl,ClientIDManagerImpl.java,C:/Users/maxim/OneDrive/Escritorio/Code/AuxTestRepo/arquivos/G01/104_vuze/evosuite-tests/org/gudy/azureus2/pluginsimpl/local/clientid\ClientIDManagerImpl_ESTest.java,ClientIDManagerImpl_ESTest.java,java,ESTest.java,C:/Users/maxim/OneDrive/Escritorio/Code/AuxTestRepo/arquivos/G01/104_vuze/evosuite-tests/org/gudy/azureus2/pluginsimpl/local/clientid\ClientIDManagerImpl.java,false,false,false,false,false,true,false,false,false,false,false,false,false,true,true,false,false,false,false,false,false
Show,Show.java,C:/Users/maxim/OneDrive/Escritorio/Code/AuxTestRepo/arquivos/G01/104_vuze/evosuite-tests/org/gudy/azureus2/ui/console/commands\Show_ESTest.java,Show_ESTest.java,java,ESTest.java,C:/Users/maxim/OneDrive/Escritorio/Code/AuxTestRepo/arquivos/G01/104_vuze/evosuite-tests/org/gudy/azureus2/ui/console/commands\Show.java,false,false,false,false,false,true,false,true,false,false,false,false,false,false,true,false,false,false,true,false,false
XML,XML.java,C:/Users/maxim/OneDrive/Escritorio/Code/AuxTestRepo/arquivos/G01/104_vuze/evosuite-tests/org/gudy/azureus2/ui/console/commands\XML_ESTest.java,XML_ESTest.java,java,ESTest.java,C:/Users/maxim/OneDrive/Escritorio/Code/AuxTestRepo/arquivos/G01/104_vuze/evosuite-tests/org/gudy/azureus2/ui/console/commands\XML.java,false,false,false,false,false,true,false,false,false,false,false,false,false,false,true,false,false,false,false,false,false
MainMenu,MainMenu.java,C:/Users/maxim/OneDrive/Escritorio/Code/AuxTestRepo/arquivos/G01/104_vuze/evosuite-tests/org/gudy/azureus2/ui/swt/mainwindow\MainMenu_ESTest.java,MainMenu_ESTest.java,java,ESTest.java,C:/Users/maxim/OneDrive/Escritorio/Code/AuxTestRepo/arquivos/G01/104_vuze/evosuite-tests/org/gudy/azureus2/ui/swt/mainwindow\MainMenu.java,false,false,false,false,false,true,false,false,false,false,false,false,false,false,false,false,false,false,false,false,false
TorrentOptionsView,TorrentOptionsView.java,C:/Users/maxim/OneDrive/Escritorio/Code/AuxTestRepo/arquivos/G01/104_vuze/evosuite-tests/org/gudy/azureus2/ui/swt/views\TorrentOptionsView_ESTest.java,TorrentOptionsView_ESTest.java,java,ESTest.java,C:/Users/maxim/OneDrive/Escritorio/Code/AuxTestRepo/arquivos/G01/104_vuze/evosuite-tests/org/gudy/azureus2/ui/swt/views\TorrentOptionsView.java,false,false,false,false,false,true,false,false,false,false,false,false,false,false,true,false,false,false,false,true,false
FileHashItemBase,FileHashItemBase.java,C:/Users/maxim/OneDrive/Escritorio/Code/AuxTestRepo/arquivos/G01/104_vuze/evosuite-tests/org/gudy/azureus2/ui/swt/views/tableitems/files\FileHashItemBase_ESTest.java,FileHashItemBase_ESTest.java,java,ESTest.java,C:/Users/maxim/OneDrive/Escritorio/Code/AuxTestRepo/arquivos/G01/104_vuze/evosuite-tests/org/gudy/azureus2/ui/swt/views/tableitems/files\FileHashItemBase.java,false,false,false,false,true,false,false,false,false,false,false,false,false,false,false,false,true,false,false,false,false
AnnounceCountItem,AnnounceCountItem.java,C:/Users/maxim/OneDrive/Escritorio/Code/AuxTestRepo/arquivos/G01/104_vuze/evosuite-tests/org/gudy/azureus2/ui/swt/views/tableitems/mytracker\AnnounceCountItem_ESTest.java,AnnounceCountItem_ESTest.java,java,ESTest.java,C:/Users/maxim/OneDrive/Escritorio/Code/AuxTestRepo/arquivos/G01/104_vuze/evosuite-tests/org/gudy/azureus2/ui/swt/views/tableitems/mytracker\AnnounceCountItem.java,true,false,false,false,false,true,false,false,false,false,false,false,false,true,true,false,false,false,false,false,false
PeersItem,PeersItem.java,C:/Users/maxim/OneDrive/Escritorio/Code/AuxTestRepo/arquivos/G01/104_vuze/evosuite-tests/org/gudy/azureus2/ui/swt/views/tableitems/tracker\PeersItem_ESTest.java,PeersItem_ESTest.java,java,ESTest.java,C:/Users/maxim/OneDrive/Escritorio/Code/AuxTestRepo/arquivos/G01/104_vuze/evosuite-tests/org/gudy/azureus2/ui/swt/views/tableitems/tracker\PeersItem.java,false,false,false,false,false,true,false,false,false,false,false,false,false,true,true,false,false,false,false,false,false
NewParentNode,NewParentNode.java,C:/Users/maxim/OneDrive/Escritorio/Code/AuxTestRepo/arquivos/G01/105_freemind/evosuite-tests/accessories/plugins\NewParentNode_ESTest.java,NewParentNode_ESTest.java,java,ESTest.java,C:/Users/maxim/OneDrive/Escritorio/Code/AuxTestRepo/arquivos/G01/105_freemind/evosuite-tests/accessories/plugins\NewParentNode.java,false,false,false,false,false,true,false,false,false,false,false,false,false,false,false,false,false,false,false,false,false
PreviewDialog,PreviewDialog.java,C:/Users/maxim/OneDrive/Escritorio/Code/AuxTestRepo/arquivos/G01/105_freemind/evosuite-tests/freemind/controller/printpreview\PreviewDialog_ESTest.java,PreviewDialog_ESTest.java,java,ESTest.java,C:/Users/maxim/OneDrive/Escritorio/Code/AuxTestRepo/arquivos/G01/105_freemind/evosuite-tests/freemind/controller/printpreview\PreviewDialog.java,false,false,false,false,false,true,false,false,false,false,false,false,false,false,false,false,false,false,false,false,false
FileNodeModel,FileNodeModel.java,C:/Users/maxim/OneDrive/Escritorio/Code/AuxTestRepo/arquivos/G01/105_freemind/evosuite-tests/freemind/modes/filemode\FileNodeModel_ESTest.java,FileNodeModel_ESTest.java,java,ESTest.java,C:/Users/maxim/OneDrive/Escritorio/Code/AuxTestRepo/arquivos/G01/105_freemind/evosuite-tests/freemind/modes/filemode\FileNodeModel.java,false,false,false,false,false,true,false,false,false,false,false,false,false,false,false,false,false,false,false,false,false
Module,Module.java,C:/Users/maxim/OneDrive/Escritorio/Code/AuxTestRepo/arquivos/G01/106_checkstyle/evosuite-tests/com/atlassw/tools/eclipse/checkstyle/config\Module_ESTest.java,Module_ESTest.java,java,ESTest.java,C:/Users/maxim/OneDrive/Escritorio/Code/AuxTestRepo/arquivos/G01/106_checkstyle/evosuite-tests/com/atlassw/tools/eclipse/checkstyle/config\Module.java,true,false,false,false,false,true,false,false,false,false,false,false,false,true,true,false,false,false,false,true,false
ItemSet,ItemSet.java,C:/Users/maxim/OneDrive/Escritorio/Code/AuxTestRepo/arquivos/G01/107_weka/evosuite-tests/weka/associations\ItemSet_ESTest.java,ItemSet_ESTest.java,java,ESTest.java,C:/Users/maxim/OneDrive/Escritorio/Code/AuxTestRepo/arquivos/G01/107_weka/evosuite-tests/weka/associations\ItemSet.java,true,false,false,false,false,true,false,false,false,false,false,false,false,true,true,false,false,false,false,true,false
Version,Version.java,C:/Users/maxim/OneDrive/Escritorio/Code/AuxTestRepo/arquivos/G01/107_weka/evosuite-tests/weka/core\Version_ESTest.java,Version_ESTest.java,java,ESTest.java,C:/Users/maxim/OneDrive/Escritorio/Code/AuxTestRepo/arquivos/G01/107_weka/evosuite-tests/weka/core\Version.java,false,false,false,false,false,true,false,false,false,false,false,false,false,false,true,false,false,false,false,true,false
AlphabeticTokenizer,AlphabeticTokenizer.java,C:/Users/maxim/OneDrive/Escritorio/Code/AuxTestRepo/arquivos/G01/107_weka/evosuite-tests/weka/core/tokenizers\AlphabeticTokenizer_ESTest.java,AlphabeticTokenizer_ESTest.java,java,ESTest.java,C:/Users/maxim/OneDrive/Escritorio/Code/AuxTestRepo/arquivos/G01/107_weka/evosuite-tests/weka/core/tokenizers\AlphabeticTokenizer.java,false,false,false,false,false,true,false,false,false,false,false,false,false,true,true,false,false,false,false,true,false
SubstringLabeler,SubstringLabeler.java,C:/Users/maxim/OneDrive/Escritorio/Code/AuxTestRepo/arquivos/G01/107_weka/evosuite-tests/weka/gui/beans\SubstringLabeler_ESTest.java,SubstringLabeler_ESTest.java,java,ESTest.java,C:/Users/maxim/OneDrive/Escritorio/Code/AuxTestRepo/arquivos/G01/107_weka/evosuite-tests/weka/gui/beans\SubstringLabeler.java,true,false,false,false,false,true,false,false,false,false,false,false,false,true,true,false,false,false,false,false,false
HookHotDeployListener,HookHotDeployListener.java,C:/Users/maxim/OneDrive/Escritorio/Code/AuxTestRepo/arquivos/G01/108_liferay/evosuite-tests/com/liferay/portal/deploy/hot\HookHotDeployListener_ESTest.java,HookHotDeployListener_ESTest.java,java,ESTest.java,C:/Users/maxim/OneDrive/Escritorio/Code/AuxTestRepo/arquivos/G01/108_liferay/evosuite-tests/com/liferay/portal/deploy/hot\HookHotDeployListener.java,true,false,false,false,false,true,false,true,false,false,true,true,false,true,true,true,false,false,false,true,false
PortalExecutorFactoryImpl,PortalExecutorFactoryImpl.java,C:/Users/maxim/OneDrive/Escritorio/Code/AuxTestRepo/arquivos/G01/108_liferay/evosuite-tests/com/liferay/portal/executor\PortalExecutorFactoryImpl_ESTest.java,PortalExecutorFactoryImpl_ESTest.java,java,ESTest.java,C:/Users/maxim/OneDrive/Escritorio/Code/AuxTestRepo/arquivos/G01/108_liferay/evosuite-tests/com/liferay/portal/executor\PortalExecutorFactoryImpl.java,false,false,false,false,false,true,false,false,false,false,false,false,false,true,true,false,false,false,false,false,false
ClusterExecutorUtil,ClusterExecutorUtil.java,C:/Users/maxim/OneDrive/Escritorio/Code/AuxTestRepo/arquivos/G01/108_liferay/evosuite-tests/com/liferay/portal/kernel/cluster\ClusterExecutorUtil_ESTest.java,ClusterExecutorUtil_ESTest.java,java,ESTest.java,C:/Users/maxim/OneDrive/Escritorio/Code/AuxTestRepo/arquivos/G01/108_liferay/evosuite-tests/com/liferay/portal/kernel/cluster\ClusterExecutorUtil.java,false,false,false,false,false,true,false,false,false,false,false,false,false,true,true,false,false,false,false,false,false
ProxyMessageListener,ProxyMessageListener.java,C:/Users/maxim/OneDrive/Escritorio/Code/AuxTestRepo/arquivos/G01/108_liferay/evosuite-tests/com/liferay/portal/kernel/messaging/proxy\ProxyMessageListener_ESTest.java,ProxyMessageListener_ESTest.java,java,ESTest.java,C:/Users/maxim/OneDrive/Escritorio/Code/AuxTestRepo/arquivos/G01/108_liferay/evosuite-tests/com/liferay/portal/kernel/messaging/proxy\ProxyMessageListener.java,false,false,false,false,false,true,false,false,false,false,false,false,false,false,true,false,false,false,false,true,false
NotificationEventComparator,NotificationEventComparator.java,C:/Users/maxim/OneDrive/Escritorio/Code/AuxTestRepo/arquivos/G01/108_liferay/evosuite-tests/com/liferay/portal/kernel/notifications\NotificationEventComparator_ESTest.java,NotificationEventComparator_ESTest.java,java,ESTest.java,C:/Users/maxim/OneDrive/Escritorio/Code/AuxTestRepo/arquivos/G01/108_liferay/evosuite-tests/com/liferay/portal/kernel/notifications\NotificationEventComparator.java,false,false,false,false,false,true,false,false,false,false,false,false,false,false,true,false,false,false,false,true,false
CronText,CronText.java,C:/Users/maxim/OneDrive/Escritorio/Code/AuxTestRepo/arquivos/G01/108_liferay/evosuite-tests/com/liferay/portal/kernel/scheduler\CronText_ESTest.java,CronText_ESTest.java,java,ESTest.java,C:/Users/maxim/OneDrive/Escritorio/Code/AuxTestRepo/arquivos/G01/108_liferay/evosuite-tests/com/liferay/portal/kernel/scheduler\CronText.java,true,false,false,false,false,true,false,false,false,false,false,false,false,true,true,false,false,false,false,true,false
PortletImporter,PortletImporter.java,C:/Users/maxim/OneDrive/Escritorio/Code/AuxTestRepo/arquivos/G01/108_liferay/evosuite-tests/com/liferay/portal/lar\PortletImporter_ESTest.java,PortletImporter_ESTest.java,java,ESTest.java,C:/Users/maxim/OneDrive/Escritorio/Code/AuxTestRepo/arquivos/G01/108_liferay/evosuite-tests/com/liferay/portal/lar\PortletImporter.java,false,false,false,false,false,true,false,true,false,false,false,false,false,true,true,false,false,false,true,true,false
OrganizationModelImpl,OrganizationModelImpl.java,C:/Users/maxim/OneDrive/Escritorio/Code/AuxTestRepo/arquivos/G01/108_liferay/evosuite-tests/com/liferay/portal/model/impl\OrganizationModelImpl_ESTest.java,OrganizationModelImpl_ESTest.java,java,ESTest.java,C:/Users/maxim/OneDrive/Escritorio/Code/AuxTestRepo/arquivos/G01/108_liferay/evosuite-tests/com/liferay/portal/model/impl\OrganizationModelImpl.java,true,false,false,false,false,true,false,false,false,false,false,false,false,true,true,false,false,false,false,true,false
PortalHookChecker,PortalHookChecker.java,C:/Users/maxim/OneDrive/Escritorio/Code/AuxTestRepo/arquivos/G01/108_liferay/evosuite-tests/com/liferay/portal/security/pacl/checker\PortalHookChecker_ESTest.java,PortalHookChecker_ESTest.java,java,ESTest.java,C:/Users/maxim/OneDrive/Escritorio/Code/AuxTestRepo/arquivos/G01/108_liferay/evosuite-tests/com/liferay/portal/security/pacl/checker\PortalHookChecker.java,false,false,false,false,false,true,false,false,false,false,true,false,false,true,true,false,false,false,false,false,false
TeamFinderImpl,TeamFinderImpl.java,C:/Users/maxim/OneDrive/Escritorio/Code/AuxTestRepo/arquivos/G01/108_liferay/evosuite-tests/com/liferay/portal/service/persistence\TeamFinderImpl_ESTest.java,TeamFinderImpl_ESTest.java,java,ESTest.java,C:/Users/maxim/OneDrive/Escritorio/Code/AuxTestRepo/arquivos/G01/108_liferay/evosuite-tests/com/liferay/portal/service/persistence\TeamFinderImpl.java,false,false,false,false,false,true,false,false,false,false,false,false,false,false,true,false,false,false,false,true,false
ArrayApplicationContext,ArrayApplicationContext.java,C:/Users/maxim/OneDrive/Escritorio/Code/AuxTestRepo/arquivos/G01/108_liferay/evosuite-tests/com/liferay/portal/spring/context\ArrayApplicationContext_ESTest.java,ArrayApplicationContext_ESTest.java,java,ESTest.java,C:/Users/maxim/OneDrive/Escritorio/Code/AuxTestRepo/arquivos/G01/108_liferay/evosuite-tests/com/liferay/portal/spring/context\ArrayApplicationContext.java,false,false,false,false,false,true,false,false,false,false,false,false,false,true,true,false,false,false,false,true,false
CalEventModelImpl,CalEventModelImpl.java,C:/Users/maxim/OneDrive/Escritorio/Code/AuxTestRepo/arquivos/G01/108_liferay/evosuite-tests/com/liferay/portlet/calendar/model/impl\CalEventModelImpl_ESTest.java,CalEventModelImpl_ESTest.java,java,ESTest.java,C:/Users/maxim/OneDrive/Escritorio/Code/AuxTestRepo/arquivos/G01/108_liferay/evosuite-tests/com/liferay/portlet/calendar/model/impl\CalEventModelImpl.java,true,false,false,false,false,true,false,false,false,false,false,false,false,true,true,false,false,false,false,true,false
DLFileEntryModelImpl,DLFileEntryModelImpl.java,C:/Users/maxim/OneDrive/Escritorio/Code/AuxTestRepo/arquivos/G01/108_liferay/evosuite-tests/com/liferay/portlet/documentlibrary/model/impl\DLFileEntryModelImpl_ESTest.java,DLFileEntryModelImpl_ESTest.java,java,ESTest.java,C:/Users/maxim/OneDrive/Escritorio/Code/AuxTestRepo/arquivos/G01/108_liferay/evosuite-tests/com/liferay/portlet/documentlibrary/model/impl\DLFileEntryModelImpl.java,true,false,false,false,false,true,false,false,false,false,false,false,false,true,true,false,false,false,false,true,false
PDFProcessorImpl,PDFProcessorImpl.java,C:/Users/maxim/OneDrive/Escritorio/Code/AuxTestRepo/arquivos/G01/108_liferay/evosuite-tests/com/liferay/portlet/documentlibrary/util\PDFProcessorImpl_ESTest.java,PDFProcessorImpl_ESTest.java,java,ESTest.java,C:/Users/maxim/OneDrive/Escritorio/Code/AuxTestRepo/arquivos/G01/108_liferay/evosuite-tests/com/liferay/portlet/documentlibrary/util\PDFProcessorImpl.java,false,false,false,false,false,true,false,false,false,false,false,false,false,false,true,false,false,false,false,true,false
RepositoryModelCreateDateComparator,RepositoryModelCreateDateComparator.java,C:/Users/maxim/OneDrive/Escritorio/Code/AuxTestRepo/arquivos/G01/108_liferay/evosuite-tests/com/liferay/portlet/documentlibrary/util/comparator\RepositoryModelCreateDateComparator_ESTest.java,RepositoryModelCreateDateComparator_ESTest.java,java,ESTest.java,C:/Users/maxim/OneDrive/Escritorio/Code/AuxTestRepo/arquivos/G01/108_liferay/evosuite-tests/com/liferay/portlet/documentlibrary/util/comparator\RepositoryModelCreateDateComparator.java,true,false,false,false,false,true,false,false,false,false,false,false,false,true,true,false,false,false,false,true,false
PollsChoiceModelImpl,PollsChoiceModelImpl.java,C:/Users/maxim/OneDrive/Escritorio/Code/AuxTestRepo/arquivos/G01/108_liferay/evosuite-tests/com/liferay/portlet/polls/model/impl\PollsChoiceModelImpl_ESTest.java,PollsChoiceModelImpl_ESTest.java,java,ESTest.java,C:/Users/maxim/OneDrive/Escritorio/Code/AuxTestRepo/arquivos/G01/108_liferay/evosuite-tests/com/liferay/portlet/polls/model/impl\PollsChoiceModelImpl.java,true,false,false,false,false,true,false,false,false,false,false,false,false,true,true,false,false,false,false,true,false
ShoppingCategoryWrapper,ShoppingCategoryWrapper.java,C:/Users/maxim/OneDrive/Escritorio/Code/AuxTestRepo/arquivos/G01/108_liferay/evosuite-tests/com/liferay/portlet/shopping/model\ShoppingCategoryWrapper_ESTest.java,ShoppingCategoryWrapper_ESTest.java,java,ESTest.java,C:/Users/maxim/OneDrive/Escritorio/Code/AuxTestRepo/arquivos/G01/108_liferay/evosuite-tests/com/liferay/portlet/shopping/model\ShoppingCategoryWrapper.java,true,false,false,false,false,true,false,false,false,false,true,false,false,true,true,false,false,false,false,true,false
DefineObjectsTag,DefineObjectsTag.java,C:/Users/maxim/OneDrive/Escritorio/Code/AuxTestRepo/arquivos/G01/108_liferay/evosuite-tests/com/liferay/taglib/portlet\DefineObjectsTag_ESTest.java,DefineObjectsTag_ESTest.java,java,ESTest.java,C:/Users/maxim/OneDrive/Escritorio/Code/AuxTestRepo/arquivos/G01/108_liferay/evosuite-tests/com/liferay/taglib/portlet\DefineObjectsTag.java,false,false,false,false,false,true,false,false,false,false,false,false,false,true,true,false,false,false,false,true,false
IconMinimizeTag,IconMinimizeTag.java,C:/Users/maxim/OneDrive/Escritorio/Code/AuxTestRepo/arquivos/G01/108_liferay/evosuite-tests/com/liferay/taglib/portletext\IconMinimizeTag_ESTest.java,IconMinimizeTag_ESTest.java,java,ESTest.java,C:/Users/maxim/OneDrive/Escritorio/Code/AuxTestRepo/arquivos/G01/108_liferay/evosuite-tests/com/liferay/taglib/portletext\IconMinimizeTag.java,false,false,false,false,false,true,false,false,false,false,false,false,false,false,false,false,false,false,false,false,false
PwdGenerator,PwdGenerator.java,C:/Users/maxim/OneDrive/Escritorio/Code/AuxTestRepo/arquivos/G01/108_liferay/evosuite-tests/com/liferay/util\PwdGenerator_ESTest.java,PwdGenerator_ESTest.java,java,ESTest.java,C:/Users/maxim/OneDrive/Escritorio/Code/AuxTestRepo/arquivos/G01/108_liferay/evosuite-tests/com/liferay/util\PwdGenerator.java,false,false,false,false,false,true,false,false,false,false,false,false,false,true,true,false,false,false,false,false,false
AxisServlet,AxisServlet.java,C:/Users/maxim/OneDrive/Escritorio/Code/AuxTestRepo/arquivos/G01/108_liferay/evosuite-tests/com/liferay/util/axis\AxisServlet_ESTest.java,AxisServlet_ESTest.java,java,ESTest.java,C:/Users/maxim/OneDrive/Escritorio/Code/AuxTestRepo/arquivos/G01/108_liferay/evosuite-tests/com/liferay/util/axis\AxisServlet.java,false,false,false,false,false,true,false,false,false,false,false,false,false,true,true,false,false,false,false,true,false
AbstractDropper,AbstractDropper.java,C:/Users/maxim/OneDrive/Escritorio/Code/AuxTestRepo/arquivos/G01/109_pdfsam/evosuite-tests/org/pdfsam/guiclient/commons/dnd/droppers\AbstractDropper_ESTest.java,AbstractDropper_ESTest.java,java,ESTest.java,C:/Users/maxim/OneDrive/Escritorio/Code/AuxTestRepo/arquivos/G01/109_pdfsam/evosuite-tests/org/pdfsam/guiclient/commons/dnd/droppers\AbstractDropper.java,false,false,false,false,false,true,false,false,false,false,false,false,false,false,false,false,false,false,false,false,false
isc_stmt_handle_impl,isc_stmt_handle_impl.java,C:/Users/maxim/OneDrive/Escritorio/Code/AuxTestRepo/arquivos/G01/110_firebird/evosuite-tests/org/firebirdsql/gds/impl/wire\isc_stmt_handle_impl_ESTest.java,isc_stmt_handle_impl_ESTest.java,java,ESTest.java,C:/Users/maxim/OneDrive/Escritorio/Code/AuxTestRepo/arquivos/G01/110_firebird/evosuite-tests/org/firebirdsql/gds/impl/wire\isc_stmt_handle_impl.java,true,false,false,false,false,true,false,false,false,false,false,false,false,true,true,false,false,false,false,true,false
TestJava,TestJava.java,C:/Users/maxim/OneDrive/Escritorio/Code/AuxTestRepo/arquivos/G01/19_jmca\TestJava_ESTest.java,TestJava_ESTest.java,java,ESTest.java,C:/Users/maxim/OneDrive/Escritorio/Code/AuxTestRepo/arquivos/G01/19_jmca\TestJava.java,false,false,false,false,false,true,false,false,false,false,false,false,false,true,true,false,false,false,false,false,false
ScriptOrFnScope,ScriptOrFnScope.java,C:/Users/maxim/OneDrive/Escritorio/Code/AuxTestRepo/arquivos/G01/22_byuic\ScriptOrFnScope_ESTest.java,ScriptOrFnScope_ESTest.java,java,ESTest.java,C:/Users/maxim/OneDrive/Escritorio/Code/AuxTestRepo/arquivos/G01/22_byuic\ScriptOrFnScope.java,false,false,false,false,false,true,false,false,false,false,false,false,false,true,true,false,false,false,false,true,false
GetRevision,GetRevision.java,C:/Users/maxim/OneDrive/Escritorio/Code/AuxTestRepo/arquivos/G01/23_jwbf\GetRevision_ESTest.java,GetRevision_ESTest.java,java,ESTest.java,C:/Users/maxim/OneDrive/Escritorio/Code/AuxTestRepo/arquivos/G01/23_jwbf\GetRevision.java,true,false,false,false,false,true,false,false,false,false,false,false,false,true,true,false,false,false,false,false,false
ElementsPanel,ElementsPanel.java,C:/Users/maxim/OneDrive/Escritorio/Code/AuxTestRepo/arquivos/G01/35_corina\ElementsPanel_ESTest.java,ElementsPanel_ESTest.java,java,ESTest.java,C:/Users/maxim/OneDrive/Escritorio/Code/AuxTestRepo/arquivos/G01/35_corina\ElementsPanel.java,false,false,false,false,false,true,false,false,false,false,false,false,false,false,false,false,false,false,false,false,false
IndexedString,IndexedString.java,C:/Users/maxim/OneDrive/Escritorio/Code/AuxTestRepo/arquivos/G01/39_diffi\IndexedString_ESTest.java,IndexedString_ESTest.java,java,ESTest.java,C:/Users/maxim/OneDrive/Escritorio/Code/AuxTestRepo/arquivos/G01/39_diffi\IndexedString.java,false,false,false,false,false,true,false,false,false,false,false,false,false,false,true,false,false,false,false,true,false
AccessFileBufferFactory,AccessFileBufferFactory.java,C:/Users/maxim/OneDrive/Escritorio/Code/AuxTestRepo/arquivos/G01/43_lilith\AccessFileBufferFactory_ESTest.java,AccessFileBufferFactory_ESTest.java,java,ESTest.java,C:/Users/maxim/OneDrive/Escritorio/Code/AuxTestRepo/arquivos/G01/43_lilith\AccessFileBufferFactory.java,false,false,false,false,false,true,false,false,false,false,false,false,false,false,true,false,false,false,false,false,false
AlarmSoundLoggingEventConsumer,AlarmSoundLoggingEventConsumer.java,C:/Users/maxim/OneDrive/Escritorio/Code/AuxTestRepo/arquivos/G01/43_lilith\AlarmSoundLoggingEventConsumer_ESTest.java,AlarmSoundLoggingEventConsumer_ESTest.java,java,ESTest.java,C:/Users/maxim/OneDrive/Escritorio/Code/AuxTestRepo/arquivos/G01/43_lilith\AlarmSoundLoggingEventConsumer.java,false,false,false,false,false,true,false,false,false,false,false,false,false,true,true,false,false,false,false,true,false
LoggingEventWrapperProtobufDecoder,LoggingEventWrapperProtobufDecoder.java,C:/Users/maxim/OneDrive/Escritorio/Code/AuxTestRepo/arquivos/G01/43_lilith\LoggingEventWrapperProtobufDecoder_ESTest.java,LoggingEventWrapperProtobufDecoder_ESTest.java,java,ESTest.java,C:/Users/maxim/OneDrive/Escritorio/Code/AuxTestRepo/arquivos/G01/43_lilith\LoggingEventWrapperProtobufDecoder.java,true,false,false,false,false,true,false,false,false,false,false,false,false,true,true,false,false,false,false,false,false
OpenPreviousDialog,OpenPreviousDialog.java,C:/Users/maxim/OneDrive/Escritorio/Code/AuxTestRepo/arquivos/G01/43_lilith\OpenPreviousDialog_ESTest.java,OpenPreviousDialog_ESTest.java,java,ESTest.java,C:/Users/maxim/OneDrive/Escritorio/Code/AuxTestRepo/arquivos/G01/43_lilith\OpenPreviousDialog.java,false,false,false,false,false,true,false,false,false,false,false,false,false,false,false,false,false,false,false,false,false
ConnectionConsumer,ConnectionConsumer.java,C:/Users/maxim/OneDrive/Escritorio/Code/AuxTestRepo/arquivos/G01/44_summa/evosuite-tests/dk/statsbiblioteket/summa/common/rpc\ConnectionConsumer_ESTest.java,ConnectionConsumer_ESTest.java,java,ESTest.java,C:/Users/maxim/OneDrive/Escritorio/Code/AuxTestRepo/arquivos/G01/44_summa/evosuite-tests/dk/statsbiblioteket/summa/common/rpc\ConnectionConsumer.java,false,false,false,false,false,true,false,false,false,false,true,false,false,true,true,false,false,false,false,true,false
DetailzieleAction,DetailzieleAction.java,C:/Users/maxim/OneDrive/Escritorio/Code/AuxTestRepo/arquivos/G01/46_nutzenportfolio/evosuite-tests/ch/bfh/egov/nutzenportfolio/action\DetailzieleAction_ESTest.java,DetailzieleAction_ESTest.java,java,ESTest.java,C:/Users/maxim/OneDrive/Escritorio/Code/AuxTestRepo/arquivos/G01/46_nutzenportfolio/evosuite-tests/ch/bfh/egov/nutzenportfolio/action\DetailzieleAction.java,false,false,false,false,false,true,false,false,false,false,false,false,false,false,true,false,false,false,false,false,false
Capture,Capture.java,C:/Users/maxim/OneDrive/Escritorio/Code/AuxTestRepo/arquivos/G01/47_dvd-homevideo/evosuite-tests\Capture_ESTest.java,Capture_ESTest.java,java,ESTest.java,C:/Users/maxim/OneDrive/Escritorio/Code/AuxTestRepo/arquivos/G01/47_dvd-homevideo/evosuite-tests\Capture.java,false,false,false,false,false,true,false,false,false,false,false,false,false,false,false,false,true,false,false,false,false
DbConnectionBroker,DbConnectionBroker.java,C:/Users/maxim/OneDrive/Escritorio/Code/AuxTestRepo/arquivos/G01/68_biblestudy/evosuite-tests/bible/util\DbConnectionBroker_ESTest.java,DbConnectionBroker_ESTest.java,java,ESTest.java,C:/Users/maxim/OneDrive/Escritorio/Code/AuxTestRepo/arquivos/G01/68_biblestudy/evosuite-tests/bible/util\DbConnectionBroker.java,true,false,false,false,false,true,false,false,false,false,false,false,false,true,true,false,false,false,false,true,false
MacawStateEditor,MacawStateEditor.java,C:/Users/maxim/OneDrive/Escritorio/Code/AuxTestRepo/arquivos/G01/69_lhamacaw/evosuite-tests/macaw/presentationLayer\MacawStateEditor_ESTest.java,MacawStateEditor_ESTest.java,java,ESTest.java,C:/Users/maxim/OneDrive/Escritorio/Code/AuxTestRepo/arquivos/G01/69_lhamacaw/evosuite-tests/macaw/presentationLayer\MacawStateEditor.java,false,false,false,false,false,true,false,false,false,false,false,false,false,false,false,false,false,false,false,false,false
VariableLabelTableModel,VariableLabelTableModel.java,C:/Users/maxim/OneDrive/Escritorio/Code/AuxTestRepo/arquivos/G01/69_lhamacaw/evosuite-tests/macaw/presentationLayer\VariableLabelTableModel_ESTest.java,VariableLabelTableModel_ESTest.java,java,ESTest.java,C:/Users/maxim/OneDrive/Escritorio/Code/AuxTestRepo/arquivos/G01/69_lhamacaw/evosuite-tests/macaw/presentationLayer\VariableLabelTableModel.java,false,false,false,false,false,true,false,false,false,false,true,false,false,true,true,false,false,false,false,true,false
HL7CheckerImpl,HL7CheckerImpl.java,C:/Users/maxim/OneDrive/Escritorio/Code/AuxTestRepo/arquivos/G01/75_openhre/evosuite-tests/com/browsersoft/openhre/hl7/impl/parser\HL7CheckerImpl_ESTest.java,HL7CheckerImpl_ESTest.java,java,ESTest.java,C:/Users/maxim/OneDrive/Escritorio/Code/AuxTestRepo/arquivos/G01/75_openhre/evosuite-tests/com/browsersoft/openhre/hl7/impl/parser\HL7CheckerImpl.java,false,false,false,false,false,true,false,false,false,false,false,false,false,true,true,false,false,false,false,true,false
EntryListView,EntryListView.java,C:/Users/maxim/OneDrive/Escritorio/Code/AuxTestRepo/arquivos/G01/78_caloriecount/evosuite-tests/com/lts/caloriecount/ui/entry\EntryListView_ESTest.java,EntryListView_ESTest.java,java,ESTest.java,C:/Users/maxim/OneDrive/Escritorio/Code/AuxTestRepo/arquivos/G01/78_caloriecount/evosuite-tests/com/lts/caloriecount/ui/entry\EntryListView.java,false,false,false,false,false,true,false,false,false,false,false,false,false,false,false,false,false,false,false,false,false
JTableUtils,JTableUtils.java,C:/Users/maxim/OneDrive/Escritorio/Code/AuxTestRepo/arquivos/G01/78_caloriecount/evosuite-tests/com/lts/swing/table\JTableUtils_ESTest.java,JTableUtils_ESTest.java,java,ESTest.java,C:/Users/maxim/OneDrive/Escritorio/Code/AuxTestRepo/arquivos/G01/78_caloriecount/evosuite-tests/com/lts/swing/table\JTableUtils.java,false,false,false,false,false,true,false,false,false,false,false,false,false,true,true,false,false,false,false,true,false
DaoFactory,DaoFactory.java,C:/Users/maxim/OneDrive/Escritorio/Code/AuxTestRepo/arquivos/G01/7_sfmis\DaoFactory_ESTest.java,DaoFactory_ESTest.java,java,ESTest.java,C:/Users/maxim/OneDrive/Escritorio/Code/AuxTestRepo/arquivos/G01/7_sfmis\DaoFactory.java,false,false,false,false,false,true,false,false,false,false,false,false,false,true,true,false,true,false,false,false,false
EngineImpl,EngineImpl.java,C:/Users/maxim/OneDrive/Escritorio/Code/AuxTestRepo/arquivos/G01/80_wheelwebtool/evosuite-tests/wheel\EngineImpl_ESTest.java,EngineImpl_ESTest.java,java,ESTest.java,C:/Users/maxim/OneDrive/Escritorio/Code/AuxTestRepo/arquivos/G01/80_wheelwebtool/evosuite-tests/wheel\EngineImpl.java,false,false,false,false,false,true,false,false,false,false,false,false,false,false,false,false,false,false,false,false,false
ActionRegistry,ActionRegistry.java,C:/Users/maxim/OneDrive/Escritorio/Code/AuxTestRepo/arquivos/G01/80_wheelwebtool/evosuite-tests/wheel/util\ActionRegistry_ESTest.java,ActionRegistry_ESTest.java,java,ESTest.java,C:/Users/maxim/OneDrive/Escritorio/Code/AuxTestRepo/arquivos/G01/80_wheelwebtool/evosuite-tests/wheel/util\ActionRegistry.java,false,false,false,false,false,true,false,false,false,false,false,false,false,true,true,false,false,false,false,false,false
IFXObject,IFXObject.java,C:/Users/maxim/OneDrive/Escritorio/Code/AuxTestRepo/arquivos/G01/84_ifx-framework/evosuite-tests/org/sourceforge/ifx/basetypes\IFXObject_ESTest.java,IFXObject_ESTest.java,java,ESTest.java,C:/Users/maxim/OneDrive/Escritorio/Code/AuxTestRepo/arquivos/G01/84_ifx-framework/evosuite-tests/org/sourceforge/ifx/basetypes\IFXObject.java,false,false,false,false,false,true,false,false,false,false,false,false,false,false,true,false,false,false,false,false,false
PieChartRenderer,PieChartRenderer.java,C:/Users/maxim/OneDrive/Escritorio/Code/AuxTestRepo/arquivos/G01/88_jopenchart/evosuite-tests/de/progra/charting/render\PieChartRenderer_ESTest.java,PieChartRenderer_ESTest.java,java,ESTest.java,C:/Users/maxim/OneDrive/Escritorio/Code/AuxTestRepo/arquivos/G01/88_jopenchart/evosuite-tests/de/progra/charting/render\PieChartRenderer.java,false,false,false,false,false,true,false,false,false,false,false,false,false,false,false,false,false,false,false,false,false
DefaultAceAssembledRead,DefaultAceAssembledRead.java,C:/Users/maxim/OneDrive/Escritorio/Code/AuxTestRepo/arquivos/G01/92_jcvi-javacommon/evosuite-tests/org/jcvi/jillion/assembly/consed/ace\DefaultAceAssembledRead_ESTest.java,DefaultAceAssembledRead_ESTest.java,java,ESTest.java,C:/Users/maxim/OneDrive/Escritorio/Code/AuxTestRepo/arquivos/G01/92_jcvi-javacommon/evosuite-tests/org/jcvi/jillion/assembly/consed/ace\DefaultAceAssembledRead.java,false,false,false,false,false,true,false,false,false,false,false,false,false,true,true,false,false,false,false,true,false
DefaultNucleotideSequence,DefaultNucleotideSequence.java,C:/Users/maxim/OneDrive/Escritorio/Code/AuxTestRepo/arquivos/G01/92_jcvi-javacommon/evosuite-tests/org/jcvi/jillion/core/residue/nt\DefaultNucleotideSequence_ESTest.java,DefaultNucleotideSequence_ESTest.java,java,ESTest.java,C:/Users/maxim/OneDrive/Escritorio/Code/AuxTestRepo/arquivos/G01/92_jcvi-javacommon/evosuite-tests/org/jcvi/jillion/core/residue/nt\DefaultNucleotideSequence.java,true,false,false,false,false,true,false,false,false,false,false,false,false,true,true,false,false,false,false,true,false
PositionFastaRecord,PositionFastaRecord.java,C:/Users/maxim/OneDrive/Escritorio/Code/AuxTestRepo/arquivos/G01/92_jcvi-javacommon/evosuite-tests/org/jcvi/jillion/fasta/pos\PositionFastaRecord_ESTest.java,PositionFastaRecord_ESTest.java,java,ESTest.java,C:/Users/maxim/OneDrive/Escritorio/Code/AuxTestRepo/arquivos/G01/92_jcvi-javacommon/evosuite-tests/org/jcvi/jillion/fasta/pos\PositionFastaRecord.java,true,false,false,false,false,true,false,false,false,false,false,false,false,true,true,false,false,false,false,false,false
AccessConstraintConfig,AccessConstraintConfig.java,C:/Users/maxim/OneDrive/Escritorio/Code/AuxTestRepo/arquivos/G01/93_quickserver/evosuite-tests/org/quickserver/util/xmlreader\AccessConstraintConfig_ESTest.java,AccessConstraintConfig_ESTest.java,java,ESTest.java,C:/Users/maxim/OneDrive/Escritorio/Code/AuxTestRepo/arquivos/G01/93_quickserver/evosuite-tests/org/quickserver/util/xmlreader\AccessConstraintConfig.java,false,false,false,false,false,true,false,false,false,false,false,false,false,true,true,false,false,false,false,false,false
CompleteMetadataBean,CompleteMetadataBean.java,C:/Users/maxim/OneDrive/Escritorio/Code/AuxTestRepo/arquivos/G01/96_heal/evosuite-tests/org/heal/module/metadata\CompleteMetadataBean_ESTest.java,CompleteMetadataBean_ESTest.java,java,ESTest.java,C:/Users/maxim/OneDrive/Escritorio/Code/AuxTestRepo/arquivos/G01/96_heal/evosuite-tests/org/heal/module/metadata\CompleteMetadataBean.java,false,false,false,false,false,true,false,false,false,false,false,false,false,true,true,false,false,false,false,true,false
Search,Search.java,C:/Users/maxim/OneDrive/Escritorio/Code/AuxTestRepo/arquivos/G01/99_newzgrabber/evosuite-tests/Newzgrabber\Search_ESTest.java,Search_ESTest.java,java,ESTest.java,C:/Users/maxim/OneDrive/Escritorio/Code/AuxTestRepo/arquivos/G01/99_newzgrabber/evosuite-tests/Newzgrabber\Search.java,true,false,false,false,false,true,false,false,false,false,false,false,false,false,true,false,false,false,false,true,false
